first_name,last_name,email
Jan,Abrom,jbrom@calc4life.com
Suzy,Sandwiches,suzysnoozies@sleepy.com
Bobby,Lite,bliteitup@monkeybait.com
Frank,Lingo,lingo@words.com
Roberto,Montesdeoca,robmonty@zinger.com
Geoffrey,Cheril,gchilly@frogger.com
Marie,Hoffman,thehoffer@dishy.com
Denise,Hearthington,de-nice@teachers.org
Leonard,Twoshirts,ltindahouse@lanerd.com
